Country Name,region,Image URL,1990,1991,1992,1993,1994,1995,1996,1997,1998,1999,2000,2001,2002,2003,2004,2005,2006,2007,2008,2009,2010,2011,2012,2013,2014,2015,2016,2017,2018,2019,2020,2021
Afghanistan,a,http://flags.fmcdn.net/data/flags/h20/af.png,0,0,0,0,0,0,0,0,0,0,0,250,"280,979","273,471","243,438","204,034","23,019","20,24","18,37","16,776","7,906","7,141","6,629","6,752","6,352","6,824","7,817","8,008","7,802","8,403","9,998","12,126"
South Africa,a,http://flags.fmcdn.net/data/flags/h20/za.png,0,0,0,0,0,0,0,0,0,40,"42,21","42,402","35,547","35,428","34,393","33,212","31,355","27,061","26,506","30,078","34,675","38,211","40,891","44,17","47,087","50,06","51,434","52,107","52,583","52,85","53,079","53,271"
Albania,a,http://flags.fmcdn.net/data/flags/h20/al.png,0,0,0,0,0,0,60,"69,988","67,814","64,968","61,898","58,543","62,839","58,825","56,451","57,444","56,079","53,432","55,14","59,666","57,72","59,413","62,144","70,336","71,695","71,886","70,424","67,768","64,14","59,685","55,709","52,127"
Algeria,a,http://flags.fmcdn.net/data/flags/h20/dz.png,70,"77,834","62,926","74,028","98,376","116,195","98,148","69,855","72,863","82,019","62,813","54,746","51,43","42,356","35,234","26,346","23,735","13,643","8,387","10,164","10,875","9,489","9,491","7,744","7,956","8,725","14,869","24,448","31,619","36,679","39,941","41,519"
Germany,a,http://flags.fmcdn.net/data/flags/h20/de.png,0,"38,397","40,992","44,544","46,817","54,122","56,909","58,098","58,737","60,031","58,861","57,662","59,256","62,968","64,701","66,945","66,376","63,586","65,041","72,499","81,007","78,374","79,707","77,351","74,917","70,995","68,232","65,878","63,43","60,777","58,388","56,01"
Angola,a,http://flags.fmcdn.net/data/flags/h20/ao.png,0,0,0,0,0,0,0,0,0,100,"104,542","102,053","70,948","68,692","51,954","35,737","18,697","16,066","16,647","22,71","44,291","33,801","29,487","32,874","40,661","62,325","70,066","68,651","67,723","66,302","65,025","64,166"
Antigua and Barbuda,a,http://flags.fmcdn.net/data/flags/h20/ag.png,"98,071","99,075","95,479","90,147","89,655","98,323","91,673","87,022","102,609","104,603","110,838","122,025","128,165","127,519","122,985","94,99","90,868","79,202","77,271","102,46","90,782","92,431","87,147","95,502","98,235","102,085","95,571","88,08","79,978","71,936","64,108","56,335"
Saudi Arabia,a,http://flags.fmcdn.net/data/flags/h20/sa.png,0,"39,352","47,8","58,599","67,87","74,248","75,206","76,704","101,523","102,992","86,702","93,148","96,352","81,564","62,928","37,342","25,831","17,115","12,056","13,989","8,448","5,397","3,59","2,154","1,567","5,809","17,192","25,766","33,295","38,737","44,288","50,997"
Argentina,a,http://flags.fmcdn.net/data/flags/h20/ar.png,0,0,"23,309","25,113","26,536","28,676","30,385","29,571","31,869","36,302","38,079","44,757","137,715","116,394","106,032","60,245","51,902","44,39","39,267","47,59","39,114","35,874","37,614","41,477","45,097","56,506","60,715","60,867","59,519","57,503","56,285","56,811"
Armenia,b,http://flags.fmcdn.net/data/flags/h20/am.png,0,0,0,0,0,0,"40,782","46,503","45,189","39,191","39,362","37,824","38,105","32,88","26,432","20,467","16,183","14,249","14,631","34,136","33,741","35,691","36,477","37,959","41,323","46,604","48,532","48,933","49,433","48,808","48,204","48,967"
Australia,b,http://flags.fmcdn.net/data/flags/h20/au.png,"16,455","21,636","27,658","30,66","31,77","31,131","29,314","25,925","23,756","22,576","19,57","17,18","15,063","13,22","11,943","10,892","9,966","9,682","11,743","16,745","20,48","24,2","27,797","30,823","34,14","36,827","39,117","39,963","39,099","38,037","36,771","35,363"
Austria,b,http://flags.fmcdn.net/data/flags/h20/at.png,"56,057","56,26","56,153","60,765","63,863","68,017","67,959","63,194","63,606","66,426","65,864","66,484","66,291","65,492","64,802","68,315","67,044","64,808","68,518","79,726","82,288","82,07","81,642","80,812","84,235","86,175","85,534","83,85","82,194","80,33","78,499","77,222"
Azerbaijan,b,http://flags.fmcdn.net/data/flags/h20/az.png,0,0,0,0,0,"19,209","16,721","12,466","14,291","25,414","22,837","24,387","23,018","21,828","20,169","13,334","10,241","8,608","7,297","11,792","11,148","10,107","11,599","13,754","16,036","36,11","40,127","43,795","47,43","51,231","54,682","58,258"
Bahamas,b,http://flags.fmcdn.net/data/flags/h20/bs.png,0,"24,279","28,517","31,869","26,695","26,832","26,484","27,439","26,54","25,221","24,476","23,588","24,807","26,601","27,596","29,298","29,554","29,982","32,346","38,399","43,241","44,996","48,445","56,273","60,894","65,688","66,853","67,556","67,384","66,476","65,357","64,096"
Bahrain,b,http://flags.fmcdn.net/data/flags/h20/bh.png,"7,545","6,995","6,725","6,199","5,861","14,199","13,675","15,383","20,846","25,717","25,745","26,076","28,379","32,453","29,398","24,195","20,253","16,346","12,563","21,364","29,709","32,503","36,207","43,467","43,794","63,306","81,708","92,011","99,223","107,248","110,983","115,801"
Bangladesh,b,http://flags.fmcdn.net/data/flags/h20/bd.png,0,0,0,0,0,0,0,0,0,0,0,0,0,"44,322","43,482","42,296","42,325","41,913","40,573","39,543","36,618","35,302","33,822","34,465","33,87","33,95","34,322","34,179","33,991","33,852","33,598","33,632"
Barbados,b,http://flags.fmcdn.net/data/flags/h20/bb.png,0,0,0,0,"43,98","44,136","42,737","39,469","34,584","34,296","39,868","46,189","47,333","47,171","47,647","46,068","48,43","51,415","53,88","63,049","70,221","76,146","84,206","94,739","98,366","103,012","105,747","106,582","106,777","106,69","106,594","106,757"
Belgium,b,http://flags.fmcdn.net/data/flags/h20/be.png,"129,571","131,052","133,923","138,141","136,309","130,545","127,973","123,206","118,197","114,383","108,769","107,56","104,686","101,087","96,501","94,606","90,935","86,925","92,428","99,462","99,616","102,246","104,06","105,057","106,655","106,313","106,756","106,516","105,506","104,787","103,828","102,875"
Belize,b,http://flags.fmcdn.net/data/flags/h20/bz.png,0,0,0,0,0,0,0,0,0,0,0,"82,375","87,642","100,349","97,724","95,893","90,632","85,976","79,75","83,663","83,212","79,393","74,977","75,224","75,33","76,258","92,427","92,036","90,602","89,471","88,574","87,386"
Benin,c,http://flags.fmcdn.net/data/flags/h20/bj.png,0,0,0,0,0,0,0,0,0,"53,859","54,109","51,918","42,048","31,953","29,396","36,87","11,434","19,526","25,02","25,622","28,702","29,876","26,822","25,416","30,874","37,451","39,465","40,63","41,984","43,094","44,028","44,874"
Bhutan,c,http://flags.fmcdn.net/data/flags/h20/bt.png,0,0,0,"62,373","55,104","40,142","38,171","34,164","37,71","40,64","45,613","54,235","59,784","74,62","78,616","84,539","82,467","75,973","58,576","70,693","57,486","68,566","72,216","89,183","107,404","115,653","122,011","122,12","116,859","117,196","120,3","123,17"
Belarus,c,http://flags.fmcdn.net/data/flags/h20/by.png,0,0,0,0,0,0,0,0,0,0,0,0,0,0,"9,536","8,391","11,094","18,347","21,541","34,693","39,502","45,95","39,086","38,704","40,434","59,908","69,512","68,887","66,758","64,81","63,803","62,724"
Burma,c,http://flags.fmcdn.net/data/flags/h20/mm.png,0,0,0,0,0,0,0,0,"169,579","125,353","146,508","215,953","161,866","124,089","119,075","110,373","90,474","62,424","53,047","55,058","49,609","46,041","40,095","32,786","29,729","32,043","32,011","32,235","32,808","33,403","33,858","34,334"
Bolivia,c,http://flags.fmcdn.net/data/flags/h20/bo.png,0,0,0,0,0,0,0,0,0,0,"66,891","59,957","69,144","74,066","89,567","80,375","55,23","40,506","37,155","39,992","38,52","34,666","33,336","32,489","33,015","39,668","45,634","48,278","50,219","51,588","52,798","53,805"
Bosnia and Herzegovina,c,http://flags.fmcdn.net/data/flags/h20/ba.png,0,0,0,0,0,0,0,0,"54,397","56,039","34,686","35,23","31,198","27,635","25,487","25,515","21,248","18,712","30,888","35,069","42,754","42,649","44,254","43,498","44,027","45,495","45,468","44,498","43,343","41,11","38,097","35,842"
Botswana,c,http://flags.fmcdn.net/data/flags/h20/bw.png,0,0,0,0,0,0,0,0,"11,257","9,185","8,043","8,934","8,31","11,693","8,909","7,368","6,228","8,246","7,652","17,561","19,37","20,318","18,926","17,579","17,929","17,778","15,581","11,834","10,381","9,072","8,075","7,166"
Brazil,c,http://flags.fmcdn.net/data/flags/h20/br.png,0,0,0,0,0,0,0,0,0,0,"65,561","70,054","78,798","73,823","70,077","68,585","65,845","63,743","61,868","64,944","63,045","61,242","62,31","60,364","63,314","73,697","76,264","80,487","83,612","86,356","89,117","91,708"
Brunei,c,http://flags.fmcdn.net/data/flags/h20/bn.png,0,0,0,0,0,0,0,0,0,0,0,0,0,0,0,0,"0,593","0,684","0,939","1,11","1,113","2,129","2,101","2,209","2,307","3,086","3,912","3,517","3,076","2,535","2,258","2,068"
Bulgaria,c,http://flags.fmcdn.net/data/flags/h20/bg.png,0,0,0,0,0,0,0,0,"76,537","79,442","73,887","67,289","53,543","45,579","37,855","28,517","22,658","17,457","14,652","14,608","14,275","14,518","16,768","17,224","26,434","26,898","30,189","30,621","30,417","29,708","28,413","27,113"
Burkina Faso,d,http://flags.fmcdn.net/data/flags/h20/bf.png,0,0,0,0,0,0,0,0,0,0,0,0,"48,669","44,619","45,836","44,092","22,599","25,331","25,163","28,494","29,317","29,804","28,348","28,693","28,562","30,988","32,593","33,013","33,195","33,397","33,848","34,392"
Burundi,d,http://flags.fmcdn.net/data/flags/h20/bi.png,0,0,0,0,0,0,0,0,0,0,"136,425","127,387","159,088","171,969","172,738","136,98","130,255","129,613","102,515","25,69","40,284","39,107","39,93","36,968","32,622","38,38","39,48","36,955","33,824","31,322","28,921","26,66"
Cambodia,d,http://flags.fmcdn.net/data/flags/h20/kh.png,0,0,0,0,0,0,"30,151","31,576","37,183","34,737","35,235","34,869","39,748","43,099","42,703","37,427","32,852","30,521","27,76","29,146","29,367","30,298","32,051","33,258","33,419","33,577","33,427","33,007","32,346","31,573","30,503","29,717"
Cameroon,d,http://flags.fmcdn.net/data/flags/h20/cm.png,0,0,0,0,0,0,0,0,"78,167","78,872","86,119","70,643","64,295","60,268","61,622","51,546","15,863","11,956","9,715","10,092","11,527","13,245","15,429","18,663","27,958","33,508","38,01","41,334","43,822","45,079","46,595","47,963"
Canada,d,http://flags.fmcdn.net/data/flags/h20/ca.png,"74,531","81,536","89,183","95,039","97,785","100,404","100,573","95,591","93,614","89,273","80,706","81,75","79,888","76,181","72,135","70,868","70,126","66,844","67,834","79,283","81,097","81,513","84,84","86,08","86,201","91,466","92,26","90,563","88,274","85,926","83,372","80,623"
Cape Verde,d,http://flags.fmcdn.net/data/flags/h20/cv.png,0,0,0,0,0,0,0,"89,514","82,228","69,968","82,637","79,914","82,552","81,359","83,745","85,339","77,727","64,981","57,422","65,175","72,43","78,814","91,112","100,466","111,345","119,332","121,669","122,246","120,449","117,201","114,252","111,003"
Chile,d,http://flags.fmcdn.net/data/flags/h20/cl.png,"43,635","37,389","30,641","28,293","22,83","17,414","14,753","12,915","12,183","13,34","13,191","14,395","15,087","12,641","10,294","6,997","4,994","3,89","4,919","5,834","8,6","11,153","12,03","12,792","15,061","17,056","19,775","22,505","24,267","25,31","25,914","26,182"
China,d,http://flags.fmcdn.net/data/flags/h20/cn.png,0,0,0,0,0,"21,521","21,33","20,472","36,994","37,277","36,947","37,193","37,402","36,933","35,018","33,752","31,968","34,469","31,649","36,922","35,113","35,299","36,931","39,452","41,12","43,9","46,756","49,319","51,228","52,395","53,12","53,836"
Cyprus,d,http://flags.fmcdn.net/data/flags/h20/cy.png,0,0,0,0,0,"46,81","48,909","53,696","55,162","55,921","56,262","57,875","61,374","63,415","65,106","64,429","59,482","53,568","44,565","53,373","56,333","65,837","79,26","102,514","108,192","108,665","99,252","95,318","90,115","85,399","80,994","76,555"
Colombia,e,http://flags.fmcdn.net/data/flags/h20/co.png,0,0,0,0,0,0,"27,107","29,407","31,959","39,558","44,221","40,83","47,238","44,749","41,214","38,284","35,754","32,469","32,144","35,171","36,439","35,634","34,071","37,795","44,282","49,374","49,342","47,985","46,028","43,262","40,975","40,321"
Comoros,e,http://flags.fmcdn.net/data/flags/h20/km.png,"173,84","160,37","157,152","147,544","148,903","131,739","128,447","121,4","117,322","107,861","101,939","89,705","81,666","74,824","72,797","67,526","65,651","61,794","57,489","53,527","50,324","46,132","42,541","18,146","22,266","26,739","29,185","29,586","29,078","26,818","24,86","23,078"
South Korea,e,http://flags.fmcdn.net/data/flags/h20/kr.png,"13,369","12,479","12,207","11,408","10,129","8,945","8,243","10,245","14,668","16,748","17,114","17,702","17,551","20,449","23,251","26,959","29,272","28,651","28,162","31,38","30,825","31,511","32,127","33,757","35,119","35,943","37,297","37,454","37,168","36,285","35,277","34,208"
Costa Rica,e,http://flags.fmcdn.net/data/flags/h20/cr.png,0,0,0,0,0,0,"32,379","29,29","38,49","34,292","35,655","37,637","39,756","38,987",40,"36,524","32,47","26,857","24,157","26,546","28,407","29,833","34,292","36,044","39,261","42,376","45,031","47,337","49,327","51,231","52,824","54,453"
Ivory Coast,e,http://flags.fmcdn.net/data/flags/h20/hr.png,0,0,0,0,0,0,0,"116,363","103,892","107,843","102,27","98,379","87,058","77,934","78,4","80,399","79,441","73,997","70,828","64,242","63,048","93,251","44,776","39,924","36,638","34,694","32,973","31,467","30,077","28,899","26,56","24,321"
Croatia,e,http://flags.fmcdn.net/data/flags/h20/hr.png,0,0,0,0,0,0,0,0,"25,415","32,653","33,213","34,6","36,324","37,503","39,806","40,688","38,277","37,06","38,868","48,024","56,982","63,712","69,235","80,751","85,124","87,685","88,957","88,993","88,417","87,535","86,516","85,76"
Denmark,e,http://flags.fmcdn.net/data/flags/h20/dk.png,0,0,"66,77","78,627","75,237","71,393","68,261","64,278","60,279","56,764","52,354","48,508","49,081","46,15","44,179","37,399","31,541","27,339","33,386","40,368","42,879","46,409","45,179","44,64","44,623","45,636","47,377","47,725","47,588","47,082","46,292","45,323"
Djibouti,e,http://flags.fmcdn.net/data/flags/h20/dj.png,0,0,0,0,0,0,0,0,0,"58,51","58,175","58,107","63,734","66,324","65,349","60,361","58,393","56,685","59,309","59,536","51,92","45,176","43,302","42,408","44,784","55,501","63,621","61,327","58,426","52,242","47,072","42,477"
Dominica,e,http://www.drapeauxdespays.fr/dominique,"54,099","56,856","53,979","53,358","55,903","57,424","53,682","47,745","56,274","61,819","68,858","98,505","97,875","94,918","86,163","82,009","77,362","71,765","64,358","62,507","66,804","69,72","72,564","74,744","81,117","82,419","83,063","81,277","81,237","81,251","80,224","78,802"
Egypt,e,http://flags.fmcdn.net/data/flags/h20/eg.png,0,0,0,0,0,0,0,0,0,0,0,0,"85,776","97,095","96,512","98,263","85,924","76,268","66,761","69,45","69,59","72,882","75,037","84,663","85,984","87,655","89,35","88,818","88,442","88,434","87,701","85,727"
United Arab Emirates,e,http://flags.fmcdn.net/data/flags/h20/ae.png,0,0,0,0,0,0,0,0,0,"4,815","3,093","2,69","3,595","4,404","5,64","6,632","6,842","7,853","12,531","24,084","22,236","17,606","17,035","15,874","15,682","19,419","21,2","19,714","18,547","17,487","16,496","15,685"
Ecuador,f,http://flags.fmcdn.net/data/flags/h20/ec.png,0,0,0,0,0,0,0,0,0,0,0,"62,302","52,521","44,871","39,756","35,022","28,829","27,197","22,237","17,719","19,676","19,43","21,61","25,905","31,184","34,532","37,994","37,891","37,31","36,027","33,892","32,823"
Eritrea,f,http://flags.fmcdn.net/data/flags/h20/er.png,0,0,0,0,0,0,0,0,0,0,"98,274","107,004","109,189","118,406","86,796","158,913","154,322","156,656","174,915","144,602","143,764","133,014","127,614","128,383","126,495","127,126","125,559","127,504","128,093","127,4","136,371","133,531"
Spain,f,http://flags.fmcdn.net/data/flags/h20/es.png,"42,51","43,086","45,421","56,16","58,683","63,384","67,526","66,206","64,212","62,459","57,959","54,163","51,268","47,64","45,261","42,284","38,907","35,51","39,399","52,705","60,066","69,462","85,411","93,675","99,287","98,954","99,035","98,473","97,603","96,195","94,575","92,828"
Estonia,f,http://flags.fmcdn.net/data/flags/h20/ee.png,0,0,0,0,0,"8,915","7,359","6,138","5,453","5,964","5,114","4,779","5,697","5,623","5,062","4,549","4,404","3,664","4,487","7,038","6,55","5,913","9,516","9,935","10,381","10,129","9,652","9,155","8,637","8,182","7,679","7,201"
United States,f,http://flags.fmcdn.net/data/flags/h20/us.png,0,0,0,0,0,0,0,0,0,0,0,"53,022","55,379","58,516","65,491","64,891","63,64","64,013","72,844","86,032","94,73","98,993","102,496","104,798","104,972","105,827","107,494","107,481","106,754","106,366","106,14","106,015"
Ethiopia,f,http://flags.fmcdn.net/data/flags/h20/et.png,0,0,"90,058","144,365","158,909","150,116","136,003","82,197","91,443","100,141","95,893","97,857","113,893","112,721","103,104","78,239","69,95","63,062","39,523","36,02","39,62","38,188","32,764","36,884","40,687","48,616","55,4","59,027","59,894","57,984","55,872","54,056"
Finland,f,http://flags.fmcdn.net/data/flags/h20/fi.png,"13,848","21,878","39,255","54,108","56,118","55,147","55,318","52,248","46,862","44,009","42,486","40,947","40,17","42,738","42,648","39,937","38,059","33,993","32,654","41,696","47,119","48,504","52,888","55,428","59,295","62,412","64,343","66,246","67,128","67,213","66,606","65,588"
France,f,http://flags.fmcdn.net/data/flags/h20/fr.png,"35,282","36,14","39,812","46,081","49,328","55,455","59,367","60,781","60,842","60,015","58,433","57,943","59,84","63,947","65,515","67,004","64,243","64,189","67,851","78,762","81,457","84,952","89,404","92,291","95,561","96,786","98,21","98,838","98,51","97,32","95,37","92,631"
Gabon,f,http://flags.fmcdn.net/data/flags/h20/ga.png,"89,994","89,348","87,87","90,135","71,266","73,36","64,549","57,04","87,585","73,086","72,497","80,979","81,07","70,241","60,301","49,326","39,598","39,693","16,93","23,09","20,509","17,853","19,699","29,238","32,161","43,924","49,621","49,515","50,232","50,187","49,361","48,209"
Gambia,f,http://flags.fmcdn.net/data/flags/h20/gm.png,0,0,0,0,0,0,0,0,0,0,"121,737","125,027","156,014","152,389","135,12","135,995","140,551","60,909","63,922","62,583","69,639","77,274","76,955","83,323","101,141","91,623","96,888","99,241","90,713","83,054","74,056","69,608"
Georgia,g,http://flags.fmcdn.net/data/flags/h20/ge.png,0,0,0,0,0,0,0,0,0,0,"67,66","64,93","65,09","63,2","50,5",40,32,"25,5","31,2",41,"42,4","36,5","34,9","34,7","35,5","41,199","40,494","38,766","37,34","35,561","33,829","32,169"
Ghana,g,http://flags.fmcdn.net/data/flags/h20/gh.png,"31,979","27,7","33,468","51,037","76,638","75,968","63,783","71,27","65,004","87,382","111,945","87,223","81,861","74,551","57,818","47,99","26,216","31,044","33,593","36,087","46,259","42,609","49,076","56,238","69,04","73,316","74,104","72,213","71,103","67,595","65,136","62,097"
Greece,g,http://flags.fmcdn.net/data/flags/h20/gr.png,"68,987","70,428","75,412","94,575","92,696","93,351","94,911","91,696","89,351","88,634","99,805","99,786","97,402","93,919","94,549","98,082","102,911","102,838","108,8","126,165","145,783","171,557","158,95","176,938","178,396","178,396",0,0,0,0,0,0
Grenada,g,http://flags.fmcdn.net/data/flags/h20/gd.png,0,"42,028","40,069","45,284","45,685","43,082","43,869","41,428","40,271","34,484","41,626","44,608","79,09","79,562","94,694","87,312","92,923","89,056","83,913","91,094","96,937","100,69","103,338","106,803","100,832","92,655","88,309","78,263","73,65","69,102","64,566","60,122"
Guatemala,g,http://flags.fmcdn.net/data/flags/h20/gt.png,0,0,0,0,0,0,0,0,0,0,"19,015","20,187","18,35","20,892","21,425","20,757","21,651","21,339","20,126","22,918","24,107","23,666","24,328","24,619","24,24","24,255","24,179","24,282","24,187","24,088","23,936","23,774"
Guinea,g,http://flags.fmcdn.net/data/flags/h20/gn.png,"99,642","98,601","86,278","95,895","99,19","92,585","92,998","93,495","105,864","127,876","123,364","121,654","112,631","112,64","119,755","150,231","137,071","92,383","90,158","89,325","99,638","79,439","35,435","40,311","42,87","48,385","48,38","44,705","42,541","41,036","39,377","37,831"
Equatorial Guinea,g,http://flags.fmcdn.net/data/flags/h20/gq.png,"157,004","169,465","136,87","152,575","215,973","136,874","91,186","46,261","59,233","60,478","34,06","24,543","18,673","8,445","5,09","2,81","1,321","0,891","0,585","6,352","10,091","7,379","9,066","7,866","12,003","20,075","24,587","27,246","31,171","33,341","33,95","31,128"
Guinea-Bissau,g,http://flags.fmcdn.net/data/flags/h20/gw.png,0,0,0,0,0,0,0,"156,196","172,561","153,728","228,89","214,838","220,563","212,598","220,561","221,941","204,044","177,303","163,4","159,168","67,493","49,471","52,141","53,564","55,034","57,725","48,562","45,827","43,709","42,561","41,418","40,463"
Guyana,g,http://flags.fmcdn.net/data/flags/h20/gy.png,0,0,0,0,0,0,0,"130,208","135,74","121,065","120,19","129,66","133,746","121,251","118,644","116,075","94,157","59,885","61,648","64,814","65,299","65,162","62,475","56,827","50,854","48,815","51,863","54,097","56,478","58,611","60,598","61,887"
Haiti,g,http://flags.fmcdn.net/data/flags/h20/ht.png,0,0,0,0,0,0,0,"42,906","39,703","39,842","55,246","49,511","54,279","61,97","49,897","47,159","39,114","34,513","38,005","27,778","17,341","11,807","16,346","21,459","26,498","30,435","35,158","36,206","36,525","35,88","34,292","32,635"
Honduras,h,http://flags.fmcdn.net/data/flags/h20/hn.png,"243,429","139,357","126,783","114,99","87,985","67,282","66,525","72,903","69,384","77,964","67,672","65,263","66,118","69,729","62,679","57,225","40,343","24,721","22,973","27,51","30,663","32,134","35,181","45,711","46,36","47,416","48,559","49,758","47,428","46,272","44,602","41,973"
Hungary,h,http://flags.fmcdn.net/data/flags/h20/hu.png,0,0,0,0,0,"84,456","71,562","62,116","60,037","59,879","55,142","51,743","54,994","57,602","58,519","60,486","64,674","65,616","71,647","77,958","80,582","80,76","78,294","76,755","76,179","75,523","74,83","74,459","73,469","72,244","71,278","70,278"
India,h,http://flags.fmcdn.net/data/flags/h20/in.png,0,"75,332","77,405","76,978","73,464","69,654","65,977","67,818","68,09","70,039","73,649","78,728","82,85","84,243","83,289","80,894","77,108","74,027","74,536","72,527","67,458","68,844","67,703","66,235","66,354","67,201","66,498","65,558","64,304","62,917","61,505","60,089"
Indonesia,h,http://flags.fmcdn.net/data/flags/h20/id.png,0,0,0,0,0,0,0,0,0,0,"87,437","73,702","62,339","55,643","51,328","42,612","35,848","32,333","30,252","26,483","24,525","23,106","22,96","24,847","24,695","27,25","27,565","28,395","29,309","29,919","30,409","30,9"
Iraq,h,http://flags.fmcdn.net/data/flags/h20/ir.png,0,0,0,0,0,0,0,0,0,0,0,0,0,0,"342,666","226,407","157,909","120,755","75,451","87,375","53,555","40,783","34,739","31,948","38,927","66,096","92,458","95,219","93,194","87,489","79,922","68,976"
Iran,h,http://flags.fmcdn.net/data/flags/h20/ir.png,0,0,0,0,0,0,"22,665","19,625","22,476","19,777","15,064","14,191","21,783","19,6","16,691","13,559","12,462","12,033","9,282","10,425","12,173","8,89","16,787","15,398","15,625","17,109","17,528","17,711","18,037","17,842","17,638","15,586"
Ireland,h,http://flags.fmcdn.net/data/flags/h20/ie.png,0,0,0,0,0,"78,549","69,879","61,608","52,983","46,652","36,078","33,246","30,556","29,878","28,209","26,109","23,627","23,926","42,445","61,775","86,801","109,304","120,242","119,998","107,48","95,22","88,606","84,602","80,405","77,227","74,275","71,189"
Iceland,h,http://flags.fmcdn.net/data/flags/h20/is.png,"35,272","37,373","45,1","51,944","54,443","57,671","54,878","51,866","43,614","39,105","37,557","42,806","39,646","38,451","33,044","24,57","29,3","27,335","67,559","82,868","88,265","95,126","92,614","84,812","82,509","67,591","56,1","52,631","42,562","37,906","35,506","31,805"
Israel,h,http://flags.fmcdn.net/data/flags/h20/il.png,0,0,0,0,0,0,0,0,0,0,"79,545","83,669","90,184","92,926","91,277","87,923","79,771","72,716","71,592","74,323","70,56","68,779","67,859","67,208","67,095","64,617","65,975","67,687","68,684","69,382","70,007","70,533"
Italy,h,http://flags.fmcdn.net/data/flags/h20/it.png,"91,63","94,872","101,771","111,807","117,865","108,689","117,712","113,426","110,808","109,659","105,11","104,73","101,923","100,485","100,089","101,94","102,557","99,776","102,39","112,519","115,378","116,499","123,284","128,934","132,517","132,602","133,031","131,711","129,422","126,84","124,204","121,556"
Jamaica,i,http://flags.fmcdn.net/data/flags/h20/jm.png,0,0,0,0,0,0,0,0,0,"82,755","91,809","108,008","118,402","123,095","119,937","119,262","117,119","114,478","127,023","141,936","142,041","140,5","145,33","139,678","135,615","124,349","123,088","116,071","108,766","101,029","93,463","86,604"
Japan,i,http://flags.fmcdn.net/data/flags/h20/jp.png,"67,043","66,491","71,221","77,267","86,218","95,07","102,294","109,104","121,632","135,609","143,778","153,635","163,992","169,572","180,657","186,436","185,997","183,012","191,812","210,247","215,821","231,629","238,015","244,477","249,079","248,06","249,343","250,905","251,826","251,876","251,829","251,667"
Jordan,i,http://flags.fmcdn.net/data/flags/h20/jo.png,"219,734","200,631","149,749","136,95","126,287","114,938","113,829","106,646","109,708","108,013","100,479","96,478","99,719","99,644","91,823","84,308","76,33","73,77","60,244","64,775","67,113","70,729","80,946","86,678","89,049","91,683","90,399","87,446","83,588","79,276","75,419","72,368"
Kazakhstan,i,http://flags.fmcdn.net/data/flags/h20/kz.png,0,0,0,0,0,0,0,0,0,0,0,0,"17,592","14,962","11,392","8,099","6,667","5,874","6,766","10,227","10,683","10,408","12,392","12,861","14,732","23,294","22,143","20,458","20,182","20,058","18,807","18,255"
Kenya,i,http://flags.fmcdn.net/data/flags/h20/ke.png,0,0,0,0,0,0,0,0,"54,429","53,67","52,23","56,218","61,844","60,133","53,795","48,343","43,975","38,372","41,469","41,095","44,403","43,049","41,694","41,622","47,018","52,689","55,15","54,958","54,595","53,537","52,388","50,608"
Kyrgyzstan,i,http://flags.fmcdn.net/data/flags/h20/kg.png,0,0,0,0,0,0,0,0,0,0,"122,272","107,315","106,866","106,896","92,909","85,94","72,499","56,805","48,458","58,067","59,726","49,38","48,975","46,102","52,582","68,752","72,337","73,517","72,031","71,055","70,232","67,697"
Kiribati,i,http://flags.fmcdn.net/data/flags/h20/ki.png,"7,595","7,863","6,982","10,425","11,781","12,096","10,89","10,731","9,731","11,818","10,711","15,396","11,776","11,248","11,984","10,534","11,517","9,969","12,636","9,528","8,623","8,224","7,523","8,209","8,401","16,382","20,898","20,774","20,99","21,263","21,088","19,381"
Kosovo,i,http://flags.fmcdn.net/data/flags/h20/ks.png,0,0,0,0,0,0,0,0,0,0,0,0,0,0,0,0,"28,674","24,813","21,202","6,13","15,628","13,88","15,915","16,216","16,717","19,183","23,408","24,363","22,282","22,738","22,988","23,422"
Kuwait,i,http://flags.fmcdn.net/data/flags/h20/kw.png,"1,093","203,364","121,848","113,002","114,334","91,278","59,108","59,198","59,498","50,823","35,429","36,43","32,333","24,615","18,616","14,137","10,57","11,832","9,57","11,046","11,34","8,548","6,789","6,437","7,082","10,591","18,813","22,082","24,879","26,777","28,798","31,147"
Laos,i,http://flags.fmcdn.net/data/flags/h20/la.png,0,0,0,0,0,0,0,0,0,0,0,"109,95","110,628","104,638","93,617","84,969","71,888","64,231","60,344","63,204","62,095","56,902","62,191","60,127","63,708","64,288","64,121","66,109","67,715","69,267","70,232","70,781"
Lesotho,j,http://flags.fmcdn.net/data/flags/h20/ls.png,"20,573","13,617","73,675","81,437","76,614","71,856","81,927","75,104","90,822","94,885","101,188","126,092","93,359","62,645","55,715","60,263","62,585","58,163","50,825","37,618","35,245","37,98","40,328","43,367","49,527","59,974","61,398","58,501","55,26","52,975","51,126","55,042"
Latvia,j,http://flags.fmcdn.net/data/flags/h20/lv.png,0,0,0,0,0,0,0,0,"8,99","11,831","12,109","13,931","13,151","13,926","13,818","11,171","9,181","7,238","16,187","32,492","40,34","37,594","36,873","35,874","38,548","34,827","34,753","34,666","32,955","31,565","30,134","28,875"
Lebanon,j,http://flags.fmcdn.net/data/flags/h20/lb.png,0,0,0,0,0,0,0,0,0,0,"146,106","160,913","160,947","169,03","171,183","180,699","185,188","171,023","163,092","145,566","138,391","133,888","130,803","133,36","133,276","139,076","142,574","147,617","151,029","154,432","158,082","161,661"
Liberia,j,http://flags.fmcdn.net/data/flags/h20/lr.png,0,0,0,0,0,0,0,0,0,0,"616,055","612,226","610,179","789,833","715,184","642,875","593,515","482,764","309,66","173,936","33,425","29,639","26,986","27,48","33,34","39,967","45,014","47,654","47,959","47,56","45,987","44,989"
Libya,j,http://flags.fmcdn.net/data/flags/h20/ly.png,"73,478","66,965","64,771","66,371","63,37","61,588","69,332","65,63","69,858","57,023","43,734","43,13","35,072","27,144","3,656","2,542","2,18","4,095","1,012","1,87","1,608","10,868","2,311","3,266","36,385","65,412","91,923","98,937","121,734","123,534","104,69","116,756"
Lithuania,j,http://flags.fmcdn.net/data/flags/h20/lt.png,0,0,0,0,0,0,0,0,"21,717","28,074","23,53","22,92","22,161","21,002","19,264","18,308","17,968","16,653","15,39","29,014","36,28","37,277","39,793","38,756","42,451","42,468","42,137","41,417","40,147","38,668","37,135","35,785"
Luxembourg,j,http://flags.fmcdn.net/data/flags/h20/lu.png,0,0,0,0,0,"8,08","7,949","7,907","7,57","6,7","6,079","6,58","6,526","6,384","6,472","6,338","6,998","7,001","14,396","15,402","19,561","19,118","21,987","23,334","22,925","21,795","21,7","22,125","22,368","22,513","22,627","22,694"
Macedonia,j,http://flags.fmcdn.net/data/flags/h20/mk.png,0,0,0,0,0,0,0,0,0,"29,834","45,561","45,214","40,464","36,461","34,58","36,745","30,583","23,525","20,593","23,769","24,065","27,74","33,681","34,007","38,25","38,594","38,322","39,674","40,372","41,463","42,376","44,181"
Madagascar,j,http://flags.fmcdn.net/data/flags/h20/mg.png,"118,275","138,392","137,269","126,804","114,081","115,948","121,611","107,514","126,936","118,348","107,049","98,102","105,046","99,709","95,047","86,467","37,367","32,75","31,49","33,678","31,796","32,596","33,684","33,984","34,651","35,559","39,153","38,108","38,131","38,354","38,288","40,793"
Malaysia,j,http://flags.fmcdn.net/data/flags/h20/my.png,"75,182","68,276","59,949","51,861","44,344","38,708","33,235","30,041","34,114","34,851","32,881","38,505","40,094","41,981","42,556","41,357","40,225","39,907","39,92","51,124","51,94","52,636","54,552","55,894","55,574","57,405","55,828","54,963","53,603","51,977","50,111","48,076"
Maldives,k,http://flags.fmcdn.net/data/flags/h20/mv.png,0,0,0,0,0,0,0,"38,112","39,261","38,949","39,018","41,845","44,279","37,92","35,383","44,876","39,286","38,335","41,943","54,529","60,433","60,337","62,683","64,058","66,313","72,884","82,808","95,841","107,997","116,003","118,08","120,09"
Mali,k,http://flags.fmcdn.net/data/flags/h20/ml.png,0,0,0,0,0,0,0,0,0,0,"90,852","77,78","39,551","40,729","39,441","48,897","17,231","17,548","21,758","21,021","25,371","25,084","24,953","25,705","30,755","36,262","35,249","36,07","37,155","37,848","38,655","39,371"
Malta,k,http://flags.fmcdn.net/data/flags/h20/mt.png,0,0,0,0,0,"45,118","51,252","60,547","66,091","69,483","64,154","70,375","64,843","68,717","71,142","70,108","64,616","62,39","62,746","67,792","67,631","69,91","67,505","68,561","67,063","63,964","62,923","60,777","59,347","57,696","56,031","54,411"
Morocco,k,http://flags.fmcdn.net/data/flags/h20/ma.png,"76,271",64,"72,543","80,842","74,987","78,158","70,706","73,542","69,824","68,572","70,192","65,404","64,253","61,609","58,906","61,642","56,783","51,988","45,443","46,126","48,998","52,547","58,3","61,491","63,374","63,667","64,311","63,968","63,203","61,809","59,986","58,698"
Mauritius,k,http://flags.fmcdn.net/data/flags/h20/mu.png,0,0,0,0,0,0,0,0,0,0,"45,298","44,801","52,532","59,103","51,697","53,53","51,015","47,283","44,03","52,269","52,038","52,279","51,473","53,861","56,075","58,113","58,269","57,563","57,333","57,015","56,642","56,072"
Mauritania,k,http://flags.fmcdn.net/data/flags/h20/mr.png,0,0,0,0,0,0,0,0,0,0,"234,394","231,72","204,396","177,943","170,865","154,844","78,035","86,155","89,754","100,38","86,925","78,564","72,294","77,608","89,782","78,113","87,242","94,58","95,307","93,258","89,689","87,41"
Mexico,k,http://flags.fmcdn.net/data/flags/h20/mx.png,0,0,0,0,0,0,"46,258","42,611","44,094","46,318","41,85","41,111","43,466","44,747","40,845","39,019","37,752","37,534","42,827","43,924","42,229","43,199","43,171","46,357","49,511","54,002","54,91","54,892","54,498","53,876","53,017","52,14"
Micronesia,k,http://flags.fmcdn.net/data/flags/h20/fm.png,0,0,0,0,0,"53,986","43,913","47,278","42,113","35,858","27,109","23,816","24,169","24,738","25,444","24,763","25,069","25,728","28,273","31,019","29,237","28,933","27,71","26,984","26,084","26,346","26,182","25,247","26,828","28,283","29,686","30,957"
Moldova,k,http://flags.fmcdn.net/data/flags/h20/md.png,0,0,0,0,0,"79,48","87,492","89,049","159,41","150,739","83,408","74,615","69,16","57,948","43,647","35,928","30,904","24,609","19,257","29,125","26,852","24,149","24,538","23,793","31,425","41,968","44,04","45,021","44,995","44,259","43,317","42,692"
Mongolia,k,http://flags.fmcdn.net/data/flags/h20/mn.png,0,0,0,0,0,0,0,0,0,0,0,0,0,0,0,0,0,0,0,0,0,0,0,0,0,0,0,0,0,0,0,0
Montenegro,l,http://flags.fmcdn.net/data/flags/h20/me.png,0,0,0,0,0,0,0,0,0,0,0,0,"75,73","40,261","41,604","36,32","31,908","27,503","28,996","38,25","40,661","45,552","53,419","55,18","59,912","66,405","70,467","76,989","80,347","79,524","76,701","72,92"
Mozambique,l,http://flags.fmcdn.net/data/flags/h20/mz.png,0,0,0,0,0,0,0,0,0,"115,94","118,179","123,395","75,787","74,934","59,706","70,158","46,611","35,99","36,283","41,772","43,208","37,936","39,936","50,945","57,01","74,816","87,428","82,018","80,012","78,776","77,85","60,064"
Namibia,l,http://flags.fmcdn.net/data/flags/h20/na.png,0,0,0,"18,334","17,454","19,839","20,733","19,597","22,82","24,101","20,563","23,106","22,072","25,843","28,053","27,156","24,732","20,06","18,575","16,338","15,855","24,329","24,553","24,188","25,001","27,157","30,945","31,823","31,225","30,535","30,11","30,496"
Nepal,l,http://flags.fmcdn.net/data/flags/h20/np.png,0,0,0,0,0,0,0,0,0,0,"57,931","57,907","59,103","60,426","58,542","51,481","48,898","43,214","41,927","38,53","34,036","31,659","34,459","31,949","27,717","28,668","29,898","29,452","29,517","29,555","29,295","28,874"
Nicaragua,l,http://flags.fmcdn.net/data/flags/h20/ni.png,0,0,0,0,0,0,0,"92,621","92,691","107,008","102,07","93,769","118,327","117,421","90,094","71,4","54,653","31,589","26,481","29,449","30,872","29,272","28,58","29,765","29,474","31,175","31,556","32,156","32,719","33,131","33,414","33,811"
Niger,l,http://flags.fmcdn.net/data/flags/h20/ne.png,0,0,0,0,0,"90,658","80,974","91,09","81,654","83,729","88,817","109,165","109,248","87,401","76,717","66,321","27,143","25,148","21,057","27,74","24,29","27,81","26,76","27,224","32,915","43,538","46,87","47,852","47,036","46,104","44,651","44,879"
Nigeria,l,http://flags.fmcdn.net/data/flags/h20/ng.png,0,0,0,0,0,0,0,0,0,0,0,0,0,0,0,0,0,0,0,"9,574","9,579","10,178","10,402","10,478","10,579","11,503","13,252","13,979","14,303","14,94","15,876","16,898"
Norway,l,http://flags.fmcdn.net/data/flags/h20/no.png,"28,353","38,441","44,077","52,556","49,61","32,07","27,841","25,171","22,94","24,32","28,099","26,701","33,493","42,669","43,473","42,008","52,332","49,201","47,264","41,972","42,366","28,882","30,022","30,305","27,941","27,941","27,941","27,941","27,941","27,941","27,941","27,941"
New Zealand,l,http://flags.fmcdn.net/data/flags/h20/nz.png,"49,341","51,607","52,203","48,578","43,576","38,719","33,159","30,815","30,7","28,486","26,72","25,068","23,498","21,98","20,03","18,501","16,369","14,505","16,887","21,651","26,865","31,537","31,95","30,804","30,769","30,361","29,939","29,023","26,587","25,314","24,277","22,938"
Oman,l,http://flags.fmcdn.net/data/flags/h20/om.png,"21,088","27,59","29,554","29,266","31,97","29,698","28,639","28,212","40,121","34,93","26,101","25,14","18,695","17,173","15,953","9,871","8,91","7,105","4,842","6,89","5,853","5,181","4,933","5,146","5,135","20,632","35,525","41,7","48,341","53,52","57,955","60,546"
Uganda,m,http://flags.fmcdn.net/data/flags/h20/ug.png,0,0,0,0,0,0,0,"51,625","50,622","55,185","54,95","58,128","61,93","62,415","55,427","48,179","31,709","19,558","19,295","19,194","22,939","23,645","24,16","27,696","31,208","35,359","37,942","40,161","43,127","44,995","45,985","45,514"
Uzbekistan,m,http://flags.fmcdn.net/data/flags/h20/uz.png,0,0,0,0,0,0,0,0,"29,38","29,355","42,126","59,375","54,598","41,636","35,121","28,193","21,34","15,786","12,733","10,981","9,961","9,088","8,554","8,276","7,648","10,694","16,258","15,187","13,984","12,456","12,274","10,948"
Pakistan,m,http://flags.fmcdn.net/data/flags/h20/pk.png,0,0,0,0,"72,96","65,228","65,486","65,8","66,959","75,612","74,848","79,09","73,669","68,187","61,556","58,921","54,395","52,586","57,925","59,13","61,464","59,54","63,96","64,81","64,873","64,4","65,001","63,658","61,286","59,031","56,146","53,611"
Palau,m,http://flags.fmcdn.net/data/flags/h20/pw.png,0,0,0,0,0,0,0,0,0,0,0,0,0,0,0,0,0,0,0,0,0,0,0,0,0,0,0,0,0,0,0,0
Panama,m,http://flags.fmcdn.net/data/flags/h20/pa.png,0,0,0,0,"82,53","80,745","68,49","63,392","61,227","58,079","56,434","60,895","60,009","59,477","61,904","62,482","57,649","49,961","42,563","41,287","40,212","37,278","35,703","34,964","37,081","38,773","38,888","37,406","35,26","33,54","31,861","30,352"
Papua New Guinea,m,http://flags.fmcdn.net/data/flags/h20/pg.png,0,0,0,0,"59,735","54,516","56,351","65,479","68,18","62,257","63,115","71,063","70,362","60,263","56,416","48,053","39,639","33,668","31,742","31,425","25,592","22,957","26,709","34,01","35,553","40,807","43,16","42,714","45,071","46,172","46,931","47,651"
Paraguay,m,http://flags.fmcdn.net/data/flags/h20/py.png,"67,003","49,392","34,39","26,586","18,691","17,557","16,791","17,963","22,717","32,059","34,659","42,741","59,387","45,101","34,462","28,01","21,459","18,142","18,148","18,245","15,607","12,993","16,175","17,024","20,244","23,829","26,55","27,278","28,167","28,942","29,712","29,859"
Netherlands,m,http://flags.fmcdn.net/data/flags/h20/nl.png,"76,9","76,7","77,4","78,5","75,3","73,146","71,24","65,578","62,452","58,173","51,35","48,684","48,172","49,306","49,614","48,943","44,475","42,376","54,467","56,493","59,006","61,659","66,431","67,941","68,207","67,613","66,561","64,893","63,997","63,077","62,076","61,046"
Peru,m,http://flags.fmcdn.net/data/flags/h20/pe.png,0,0,0,0,0,0,0,0,0,0,"44,39","43,353","45,048","48,951","46,329","39,962","34,77","31,87","27,963","28,384","25,403","23,024","21,185","20,331","20,682","23,064","25,287","25,478","25,425","25,167","25,102","24,901"
Philippines,m,http://flags.fmcdn.net/data/flags/h20/ph.png,0,0,0,"76,08","65,534","62,718","54,727","58,682","51,058","53,583","58,774","58,831","63,256","68,036","65,804","59,169","51,582","44,64","44,167","44,343","43,462","41,412","40,609","39,245","36,404","37,13","35,705","33,786","31,949","30,201","28,616","27,257"
Poland,n,http://flags.fmcdn.net/data/flags/h20/pl.png,0,0,0,0,0,"48,989","43,39","42,926","38,889","39,567","36,583","37,352","41,779","46,588","45,266","46,661","47,113","44,183","46,612","49,809","53,327","54,367","53,954","55,943","50,437","51,289","51,976","52,85","52,821","52,307","51,487","50,386"
Portugal,n,http://flags.fmcdn.net/data/flags/h20/pt.png,"56,482","59,955","54,496","53,685","56,678","58,36","57,507","53,698","49,817","49,028","47,926","50,558","52,903","54,676","56,306","60,805","61,619","68,439","71,666","83,609","96,183","111,39","126,21","129,001","130,165","128,785","127,937","127,328","126,435","125,586","124,471","123,802"
Qatar,n,http://flags.fmcdn.net/data/flags/h20/qa.png,"10,718","17,645","16,623","37,533","44,166","42,324","49,546","48,022","63,367","74,399","52,543","59,087","47,592","39,088","29,035","19,171","13,431","8,928","11,096","35,972","41,842","35,569","36,563","32,599","31,676","35,795","46,185","56,379","60,334","63,045","66,714","68,989"
Dominican Republic,n,http://flags.fmcdn.net/data/flags/h20/do.png,0,0,0,0,0,0,0,"13,254","12,7","15,268","15,855","15,581","16,536","34,108","22,5","21,29","19,424","17,519","19,603","22,729","23,753","25,75","30,464","34,604","34,383","34,289","35,109","35,853","36,02","36,65","37,542","38,683"
Czech Republic,n,http://flags.fmcdn.net/data/flags/h20/cz.png,0,0,0,0,0,"13,581","11,591","12,143","13,933","15,202","17,025","22,782","25,924","28,147","28,454","28,016","27,911","27,807","28,658","34,058","38,155","39,876","44,625","45,179","42,738","40,948","41,272","40,965","40,584","40,333","40,066","39,756"
Romania,n,http://flags.fmcdn.net/data/flags/h20/ro.png,0,0,0,0,0,0,0,0,0,0,"29,412","27,192","27,318","24,024","20,981","17,545","12,536","12,652","13,387","23,348","30,535","33,874","37,63","38,826","40,495","39,446","39,672","40,205","40,691","41,317","41,906","42,424"
United Kingdom,n,http://flags.fmcdn.net/data/flags/h20/gb.png,"30,972","30,973","36,068","41,224","44,236","47,415","47,497","46,616","43,984","41,745","38,898","36,026","35,81","37,329","40,194","41,489","42,446","43,536","51,744","65,661","76,559","81,766","85,318","86,224","88,167","89,298","89,14","87,915","86,369","83,075","79,383","75,785"
Russia,n,http://flags.fmcdn.net/data/flags/h20/ru.png,0,0,0,0,0,0,0,0,0,"92,794","56,118","44,637","37,786","28,462","20,922","14,917","9,848","8,069","7,48","9,963","10,637","10,913","11,752","13,068","16,334","17,712","18,393","19,427","20,619","21,462","21,02","20,158"
Rwanda,n,http://flags.fmcdn.net/data/flags/h20/rw.png,0,0,0,0,0,"119,512","98,983","85,674","83,15","92,957","102,512","98,646","107,901","100,617","90,806","70,665","26,577","26,709","20,904","22,366","22,557","23,061","20,136","26,466","28,968","34,625","41,486","43,269","43,693","43,63","43,771","43,5"
San Marino,n,http://flags.fmcdn.net/data/flags/h20/sm.png,0,0,0,0,0,0,0,0,0,0,0,0,0,0,"15,498","13,553","13,277","11,439","13,533","17,457","17,538","14,657","15,368","20,831","19,031","18,772","21,785","21,571","21,509","21,47","21,389","21,389"
Saint Vincent and the Grenadines,o,http://flags.fmcdn.net/data/flags/h20/vc.png,"60,152","58,209","55,095","53,572","58,976","51,756","44,77","42,776","43,338","58,106","58,937","56,524","56,459","53,91","62,015","65,449","64,132","55,524","56,741","63,572","65,449","68,767","72,015","74,691","80,577","73,588","80,338","81,731","81,782","80,39","79,008","77,603"
Saint Lucia,o,http://flags.fmcdn.net/data/flags/h20/lc.png,"20,012","22,978","26,298","27,002","27,765","27,022","28,476","31,671","34,552","34,197","39,091","45,703","57,603","54,182","58,398","60,18","56,096","55,397","55,835","59,345","62,378","66,85","73,74","78,576","79,682","82,98","86,047","87,871","88,157","88,534","88,964","89,517"
El Salvador,o,http://flags.fmcdn.net/data/flags/h20/sv.png,0,"42,851","35,498","30,685","29,015","26,333","26,53","25,512","23,363","25,344","26,516","32,429","37,458","39,143","39,406","38,549","39,099","38,031","39,253","48,214","49,664","49,964","55,204","55,253","56,834","58,915","59,515","61,787","64,216","66,978","69,756","72,508"
Sao Tome and Principe,o,http://flags.fmcdn.net/data/flags/h20/st.png,0,0,0,0,0,0,0,0,0,0,0,"572,638","530,326","317,113","336,549","284,253","256,764","101,364","56,855","68,027","75,26","71,739","78,294","71,323","68,909","82,491","91,902","93,772","93,341","86,463","79,512","72,89"
Senegal,o,http://flags.fmcdn.net/data/flags/h20/sn.png,0,0,0,0,0,0,"0,089","85,197","23,846","19,204","73,721","70,931","67,975","54,701","47,591","45,664","21,838","23,485","23,937","34,159","35,515","40,69","42,816","46,935","54,245","56,829","57,259","56,224","54,758","53,104","51,534","49,958"
Serbia,o,http://flags.fmcdn.net/data/flags/h20/rs.png,0,0,0,0,0,0,0,0,0,0,"224,751","106,305","76,12","71,759","62,178","54,109","40,297","33,436","32,377","35,952","43,679","46,609","58,316","61,418","72,007","77,432","78,851","77,942","75,105","72,122","69,094","65,915"
Seychelles,o,http://flags.fmcdn.net/data/flags/h20/sc.png,"80,353","89,223","79,905","82,18","123,453","133,522","146,661","143,013","161,24","159,787","172,561","201,27","202,052","175,715","163,226","144,064","132,509","130,749","130,009","121,292","81,894","77,289","82,538","68,796","68,629","68,09","64,784","58,488","50,293","46,449","42,339","38,481"
Sierra Leone,o,http://flags.fmcdn.net/data/flags/h20/sl.png,0,0,0,0,0,0,0,0,0,0,0,"180,656","158,815","160,348","151,598","130,898","103,229","42,166","42,374","48,05","46,849","44,909","36,887","30,781","35,912","46,119","52,528","52,142","50,935","49,609","46,176","42,618"
Singapore,o,http://flags.fmcdn.net/data/flags/h20/sg.png,"70,913","73,655","76,233","68,679","68,195","67,358","68,755","68,287","81,481","83,569","79,866","93,689","94,324","97,644","94,687","92,068","85,117","84,717","95,343","99,684","97,035","100,979","105,498","102,488","98,46","98,24","98,236","97,926","96,916","95,731","94,294","92,858"
Slovakia Slovakia,o,http://flags.fmcdn.net/data/flags/h20/sk.png,0,0,0,0,0,"40,905","36,683","32,981","33,861","47,08","49,624","48,281","42,882","41,589","40,639","33,928","30,767","29,898","28,214","36,008","40,815","43,269","51,938","54,56","53,331","52,634","52,141","51,888","51,191","50,443","49,675","48,79"
Slovenia,p,http://flags.fmcdn.net/data/flags/h20/si.png,0,0,0,0,0,"16,776","20,122","20,703","21,249","22,016","29,011","28,541","28,396","27,044","26,833","26,302",26,"22,704","21,554","34,423","37,892","46,119","53,362","70,479","80,778","83,269","80,686","81,779","83,108","84,235","85,393","86,559"
South Sudan,p,http://flags.fmcdn.net/data/flags/h20/ss.png,0,0,0,0,0,0,0,0,0,0,0,0,0,0,0,0,0,0,0,0,0,0,"4,498","12,681","20,722","56,869","40,517","30,469","25,499","24,988","23,769","24,949"
Sri Lanka,p,http://flags.fmcdn.net/data/flags/h20/lk.png,"93,383","95,224","92,205","93,66","92,152","92,046","90,177","82,984","87,829","91,914","93,696","99,803","102,097","102,271","102,328","90,605","87,885","84,997","81,37","86,064","81,909","78,452","79,172","78,315","75,411","74,429","75,95","74,829","73,744","73,016","72,371","72,026"
Sweden,p,http://flags.fmcdn.net/data/flags/h20/se.png,0,0,0,"67,277","69,69","69,818","70,201","69,008","66,731","61,354","51,294","51,871","49,943","49,135","47,682","47,97","42,98","38,109","36,684","40,195","37,588","36,941","37,206","39,806","44,882","44,138","42,628","41,9","40,783","40,218","38,958","37,433"
Switzerland,p,http://flags.fmcdn.net/data/flags/h20/ch.png,"34,314","36,041","40,98","46,651","49,974","52,837","54,286","56,946","59,351","55,771","54,563","53,538","60,346","59,446","60,768","58,256","51,666","49,525","49,396","47,336","46,132","46,027","46,631","46,351","45,66","45,627","44,905","44,122","43,075","41,938","40,77","39,632"
Suriname,p,http://flags.fmcdn.net/data/flags/h20/sr.png,"78,038","81,066","68,943","54,665","32,656","17,409","12,603","17,968","23,176","34,588","38,269","39,826","38,118","33,506","31,57","28,841","23,965","17,377","15,639","15,553","18,47","19,935","21,385","31,434","29,161","43,322","45,417","43,072","39,371","37,3","36,408","35,259"
Swaziland,p,http://flags.fmcdn.net/data/flags/h20/sz.png,0,0,0,"16,58","14,459","13,843","13,735","13,342","17,42","18,006","18,885","20,322","18,219","18,545","14,809","13,229","14,518","15,96","14,291","10,317","13,496","13,851","14,355","14,777","13,707","17,389","20,101","22,765","25,453","28,235","30,995","33,937"
Syria,p,http://flags.fmcdn.net/data/flags/h20/sy.png,"189,757","182,425","173,621","171,939","162,981","152,642","141,479","147,623","151,225","147,698","152,094","144,49","132,427","133,37","113,047","50,71","44,977","42,672","37,319","31,212","30,024",0,0,0,0,0,0,0,0,0,0,0
Tajikistan,p,http://flags.fmcdn.net/data/flags/h20/tj.png,0,0,0,0,0,0,0,0,"96,567","107,807","111,429","103,573","89,505","65,068","44,368","41,796","35,291","34,603","29,955","36,22","36,342","35,43","32,366","29,182","28,343","35,905","50,269","54,426","59,616","61,952","63,704","61,374"
Taiwan,p,http://flags.fmcdn.net/data/flags/h20/tw.png,0,0,0,0,0,0,0,"24,938","23,642","23,657","26,166","30,008","29,638","32,027","33,292","33,914","33,12","32,055","33,267","36,599","36,745","38,302","39,28","39,109","38,871","38,267","38,246","37,302","35,971","34,349","32,444","30,247"
Tanzania,q,http://flags.fmcdn.net/data/flags/h20/tz.png,0,0,0,0,0,0,0,0,0,0,0,"50,239","47,035","44,315","44,603","46,755","32,841","21,598","21,515","24,359","27,343","27,842","29,151","30,901","35,243","40,549","42,382","42,581","42,59","42,511","42,503","42,538"
Chad,q,http://flags.fmcdn.net/data/flags/h20/td.png,0,0,0,0,0,0,0,0,0,"57,966","66,076","56,267","50,309","41,005","30,223","25,64","26,243","22,15","19,954","31,668","30,123","29,513","28,177","30,14","36,672","39,314","43,123","38,464","35,222","30,69","27,754","25,761"
Thailand,q,http://flags.fmcdn.net/data/flags/h20/th.png,0,0,0,0,0,0,"15,193","40,455","49,881","56,585","57,826","57,522","55,052","47,501","46,266","43,966","39,177","35,985","34,947","42,378","39,859","39,137","41,946","42,247","43,568","43,108","43,737","44,489","45,286","45,865","45,888","45,586"
East Timor,q,http://flags.fmcdn.net/data/flags/h20/tl.png,0,0,0,0,0,0,0,0,0,0,0,0,0,0,0,0,0,0,0,0,0,0,0,0,0,0,0,0,0,0,0,0
Togo,q,http://flags.fmcdn.net/data/flags/h20/tg.png,0,0,0,0,0,0,0,0,0,0,0,"135,037","112,032","111,803","101,956","91,749","96,785","107,784","88,48","73,404","49,914","49,312","49,036","51,226","57,537","61,888","61,082","63,127","61,57","60,196","60,157","58,814"
Trinidad and Tobago,q,http://flags.fmcdn.net/data/flags/h20/tt.png,"50,382","51,677","51,416","60,926","65,925","58,291","52,771","52,226","48,168","56,123","54,855","56,521","59,079","53,208","45,177","36,839","32,575","26,093","21,523","30,591","33,831","30,908","38,951","39,55","40,912","51,061","62,755","69,4","74,205","79,798","85,937","92,364"
Tunisia,q,http://flags.fmcdn.net/data/flags/h20/tn.png,0,"66,393","65,151","66,905","67,014","68,838","70,063","69,893","61,042","64,955","65,935","67,593","67,368","66,368","53,718","52,482","48,791","45,941","43,292","42,774","40,664","44,625","44,657","46,55","50,106","54,502","57,748","59,271","60,19","57,14","54,487","51,499"
Turkmenistan,q,http://flags.fmcdn.net/data/flags/h20/tm.png,0,0,0,0,0,0,0,"50,652","64,41","52,614","43,508","26,899","19,078","13,35","9,008","5,379","3,334","2,416","2,809","2,436","4,114","10,048","18,066","20,79","17,407","23,276","24,017","24,536","19,1","16,478","14,044","11,81"
Turkey,q,http://flags.fmcdn.net/data/flags/h20/tr.png,0,0,0,0,0,0,0,0,0,0,"51,31","77,936",74,"67,698","59,612","52,71","46,524","39,907","39,984","46,073","42,335","39,142","36,158","36,138","33,535","32,609","30,67","29,204","28,251","26,939","25,958","25,11"
Ukraine,q,http://flags.fmcdn.net/data/flags/h20/ua.png,0,0,0,0,0,0,0,"28,892","46,537","58,959","43,79","35,34","32,344","28,299","23,885","17,088","14,256","11,815","19,662","34,121","40,626","36,876","37,542","40,652","70,307","80,183","92,803","92,314","85,864","79,422","72,38","65,286"
Uruguay,r,http://flags.fmcdn.net/data/flags/h20/uy.png,0,0,0,0,0,0,0,0,0,0,0,"54,89","109,579","111,546","93,547","83,919","75,697","67,985","67,751","63,099","59,412","58,096","57,883","60,185","61,165","61,818","63,025","64,007","64,255","64,245","64,671","64,826"
Vanuatu,r,http://flags.fmcdn.net/data/flags/h20/vu.png,0,"15,908","21,036","20,274","21,599","24,062","23,058","22,943","28,046","30,619","36,108","37,036","38,806","38,264","30,413","26,276","22,162","19,11","20,612","20,521","19,355","20,707","21,749","20,568","19,469","20,496","28,979","37,791","44,479","50,923","54,885","55,067"
Venezuela,r,http://flags.fmcdn.net/data/flags/h20/ve.png,0,0,0,0,0,0,0,0,"34,588","32,69","28,242","31,725","55,394","61,443","45,496","45,534","34,479","29,101","23,099","27,736","34,621","43,763","44,294","52,382","48,516","48,776","35,966","27,13","23,188","21,86","21,404","21,253"
Vietnam,r,http://flags.fmcdn.net/data/flags/h20/vn.png,0,0,0,0,0,0,0,0,0,0,"31,432","32,277","35,186","37,882","37,446","36,542","38,407","40,897","39,419","45,167","48,084","46,717","48,527","52,418","55,548","59,294","62,421","64,824","66,428","67,587","68,402","68,969"
Yemen,r,http://flags.fmcdn.net/data/flags/h20/ye.png,0,0,0,0,0,0,0,0,0,"96,05","60,841","60,569","57,827","56,823","52,068","43,801","40,842","40,408","36,421","49,842","42,38","45,726","47,312","48,2","48,722","68,56","67,338","58,154","54,48","52,712","52,514","53,292"
Zambia,r,http://flags.fmcdn.net/data/flags/h20/zm.png,0,0,0,0,0,0,0,0,0,0,"28,889","21,893","21,737","23,921","19,262","16,718","24,999","21,932","19,196","20,522","18,892","20,803","24,911","26,53","35,137","52,949","57,878","58,612","59,062","58,206","56,942","55,814"
Zimbabwe,r,http://flags.fmcdn.net/data/flags/h20/zw.png,0,0,0,0,0,0,0,0,0,0,0,0,0,0,0,"38,575","44,715","50,061","68,864","68,294","63,192","51,761","56,73","54,79","51,073","53,014","55,005","54,887","58,127","58,585","54,479","51,188"
